id,Artist,Title,Year,VideoId,Start,End
1,g.o.d,Lies (거짓말),2000,https://www.youtube.com/watch?v=I3FHA_qASro,38,58
2,IU (feat. G-DRAGON),Palette,2017,https://www.youtube.com/watch?v=d9IxdwEFk1c,50,70
3,Leessang (feat. Jung In),"Can't Breakup Girl, Can't Breakaway Boy",2009,https://www.youtube.com/watch?v=3rYL8AHJaTc,77,97
4,Sam Kim (feat. Crush),MAKE UP,2018,https://www.youtube.com/watch?v=mTtLMQFPH3M,27,47
5,BoA,No. 1,2002,https://www.youtube.com/watch?v=ceZc-5p3g1w,4,24
6,EXO,Monster,2016,https://www.youtube.com/watch?v=KSH-FVVtTf0,2,22
7,2ne1,Hate You,2012,https://www.youtube.com/watch?v=NB5jyYD2WEw,100,120
8,2PM,Again & Again,2009,https://www.youtube.com/watch?v=cUgReo37ECw,126,146
9,Zion.T,Yanghwa BRDG(양화대교),2014,https://www.youtube.com/watch?v=uLUvHUzd4UA,120,140
10,Girl's Generation,Genie,2009,https://www.youtube.com/watch?v=6SwiSpudKWI,30,50
11,BEAST,FICTION,2011,https://www.youtube.com/watch?v=ZAzWT8mRoR0,52,72
12,MAMAMOO ,Starry Night,2018,https://www.youtube.com/watch?v=LjUXm0Zy_dk,33,53
13,APink,NoNoNo,2013,https://www.youtube.com/watch?v=hspqQuuuGIw&list=RDhspqQuuuGIw&start_radio=1,55,75
14,BEAST,Beautiful Night,2014,https://www.youtube.com/watch?v=ckIGhwQtd-c&list=RDckIGhwQtd-c&start_radio=1,5,25
15,BtoB,비밀(Insane),2012,https://www.youtube.com/watch?v=FmuHZa6DQOc&list=RDFmuHZa6DQOc&start_radio=1,18,38
16,Infinite,The Chaser,2012,https://www.youtube.com/watch?v=wgmSImDoJNg&list=RDwgmSImDoJNg&start_radio=1,52,72
17,KARA,Lupin,2010,https://www.youtube.com/watch?v=j7TYiyEhxdI&list=RDj7TYiyEhxdI&start_radio=1,18,38
18,NU'EST,Face,2012,https://www.youtube.com/watch?v=gyXy0m-4bvE&list=RDgyXy0m-4bvE&start_radio=1,0,20
19,NU'EST,Hello,2014,https://www.youtube.com/watch?v=MwlKalNwGdk&list=RDMwlKalNwGdk&start_radio=1,37,57
20,FT Island,I Wish,2012,https://www.youtube.com/watch?v=aYYMDmhfMpk&list=RDaYYMDmhfMpk&start_radio=1,0,20
21,G.NA,Top Girl,2011,https://www.youtube.com/watch?v=t5wO8ejwVRI&list=RDt5wO8ejwVRI&start_radio=1,16,36
22,Seo In Young,Cinderella,2008,https://www.youtube.com/watch?v=rgLuIu4kWXg,60,80
23,f(x),NU ABO,2010,https://www.youtube.com/watch?v=E8ZrPFMr_nY&list=RDE8ZrPFMr_nY&start_radio=1,0,20
24,SS501,UR MAN,2008,https://www.youtube.com/watch?v=ZRebVq_TseY&list=RDZRebVq_TseY&start_radio=1,0,20
25,Boyfriend,Don't Touch My Girl,2012,https://www.youtube.com/watch?v=f1cZ2uzxCjI&list=RDf1cZ2uzxCjI&start_radio=1,60,80
26,Son Dambi,Saturday Night,2009,https://www.youtube.com/watch?v=Gwvopq0u_BQ&list=RDGwvopq0u_BQ&start_radio=1,23,43
27,Miss A,I Don't Need A Man,2012,https://www.youtube.com/watch?v=EkSOOiMDGiY,20,40
28,Taeyeon,I,2015,https://www.youtube.com/watch?v=4OrCA1OInoo,108,128
29,Cortis,RedRed,2026,https://www.youtube.com/watch?v=U6BDbXIah-Y&list=RDU6BDbXIah-Y&start_radio=1,0,20
30,Bestie,Love Options,2014,https://www.youtube.com/watch?v=NPqtL1dtrlA&list=RDNPqtL1dtrlA&start_radio=1,35,55
31,Super Junior,Bonama,2010,https://www.youtube.com/watch?v=tSOSxwEWFA4&list=RDtSOSxwEWFA4&start_radio=1,39,59
32,Rose,Gone,2021,https://www.youtube.com/watch?v=K9_VFxzCuQ0&list=RDK9_VFxzCuQ0&start_radio=1,10,30
33,ITZY,Imaginary Friend,2024,https://www.youtube.com/watch?v=NrUlydECU-8&list=RDNrUlydECU-8&start_radio=1,36,56
34,ITZY,That's No No,2020,https://www.youtube.com/watch?v=ajdX8MQVkdo&list=RDajdX8MQVkdo&start_radio=1,0,20
35,IU,You & I,2011,https://www.youtube.com/watch?v=NJR8Inf77Ac&list=RDNJR8Inf77Ac&start_radio=1,0,20
36,Girls Generation HRS,Skibidi,2026,https://www.youtube.com/watch?v=oAwzFFEYm38&list=RDoAwzFFEYm38&start_radio=1,30,50
37,BTS,Danger,2014,https://www.youtube.com/watch?v=43r6lXilbcQ&list=RD43r6lXilbcQ&start_radio=1,84,104
38,LE SSERAFIM,Made My Night,2026,https://www.youtube.com/watch?v=Y1Lah0BM0KQ&list=RDY1Lah0BM0KQ&start_radio=1,35,55
39,IU (ft. Jang Yi-Jeong),Friday,2013,https://www.youtube.com/watch?v=EiVmQZwJhsA&list=RDEiVmQZwJhsA&start_radio=1,2,22
40,Akdong Musician,"어떻게 이별까지 사랑하겠어, 널 사랑하는 거지(How can I love the heartbreak, you`re the one I love)",2019,https://www.youtube.com/watch?v=m3DZsBw5bnE&list=RDm3DZsBw5bnE&start_radio=1,0,20
41,Dayoung,Body,2025,https://www.youtube.com/watch?v=SJpmNMWboWg&list=RDSJpmNMWboWg&start_radio=1,17,37
42,Chungha,Gotta Go (벌써 12시),2019,https://www.youtube.com/watch?v=HlN2BXNJzxA&list=RDHlN2BXNJzxA&start_radio=1,0,20
43,BIGBANG,우리 사랑하지 말아요(LET'S NOT FALL IN LOVE),2015,https://www.youtube.com/watch?v=9jTo6hTZmiQ&list=RD9jTo6hTZmiQ&start_radio=1,30,50
44,B1A4,Baby Goodnight,2012,https://www.youtube.com/watch?v=wmwD3tLH3hg&list=RDwmwD3tLH3hg&start_radio=1,36,56
45,2AM,잘못했어 (I Was Wrong),2010,https://www.youtube.com/watch?v=Yo0zsqa06ZE&list=PL5jNO17hBT0NtS5YTxRCIZjHoXmFnB-2b,126,146
46,Taeyang,Wedding Dress,2009,https://www.youtube.com/watch?v=qIt6KCwlFPw&list=PL5jNO17hBT0NtS5YTxRCIZjHoXmFnB-2b&index=12,20,40
47,Soyou & JunggiGo (ft. Lil Boi),Some,2014,https://www.youtube.com/watch?v=Y-FhDScM_2w&list=RDY-FhDScM_2w&start_radio=1,13,33
48,aespa,Armageddon,2024,aespa 에스파 'Armageddon' MV - YouTube,16,36
49,Jessi,Cold Blooded,2021,https://www.youtube.com/watch?v=1JHOl9CSmXk&list=RD1JHOl9CSmXk&start_radio=1,40,60
50,Hwasa,Maria,2020,https://www.youtube.com/watch?v=brZRDjFIFJs&list=RDbrZRDjFIFJs&start_radio=1,30,50
51,EVERGLOW,Bon Bon Chocolat,2019,https://www.youtube.com/watch?v=HvGql8HwOIM&list=PLSP2cadJMYAxU-CEvhmXSAjvFN4qID0MO,6,26
52,iKON,Love Scenario,2018,https://www.youtube.com/watch?v=vecSVX1QYbQ&list=PLSP2cadJMYAxU-CEvhmXSAjvFN4qID0MO&index=16,0,20
53,Pentagon,Shine,2018,https://www.youtube.com/watch?v=Nu2yQ1zYDYU&list=PLSP2cadJMYAxU-CEvhmXSAjvFN4qID0MO&index=17,25,45
54,iZONE,Fiesta,2020,https://www.youtube.com/watch?v=eDEFolvLn0A&list=PLSP2cadJMYAxU-CEvhmXSAjvFN4qID0MO&index=23,0,20
55,Irene & Seulgi,Naughty,2020,https://www.youtube.com/watch?v=wCWoUUWwdqg&list=RDwCWoUUWwdqg&start_radio=1,70,90
56,"Seulgi, SinB, Chungha, Soyeon",Wow Thing,2018,https://www.youtube.com/watch?v=KR5CtMLuiqQ&list=RDKR5CtMLuiqQ&start_radio=1,45,65
57,KiiKii,Pop Off Pop Off,2026,https://www.youtube.com/watch?v=UsbRoaH6y-Q&list=RDUsbRoaH6y-Q&start_radio=1,30,50
58,Hearts2Hearts,Rude,2026,https://www.youtube.com/watch?v=F7sGJVUrkjQ&list=RDF7sGJVUrkjQ&start_radio=1&rv=UsbRoaH6y-Q,154,174
59,Yena,Catch Catch,2026,https://www.youtube.com/watch?v=ItSKahBISg0&list=RDF7sGJVUrkjQ&index=7,11,31
60,KiiKii,404 (New Era),2026,https://www.youtube.com/watch?v=zhHB4dZTChw&list=RDF7sGJVUrkjQ&index=16,70,90
61,TWS,Overdrive,2025,https://www.youtube.com/watch?v=TzbGBkEh9ms&list=RDF7sGJVUrkjQ&index=17,65,85
62,SHINee,누난 너무 예뻐 (Replay),2008,https://www.youtube.com/watch?v=VTASffPQGhY&list=RDF7sGJVUrkjQ&index=20,0,20
63,fromis_9,Feel Good,2020,https://www.youtube.com/watch?v=jLmJhjCzOTw&list=RDF7sGJVUrkjQ&index=37,0,20
64,UKISS,Neverland,2011,https://www.youtube.com/watch?v=n3dF0Y7deb0&list=RDn3dF0Y7deb0&start_radio=1,40,60
65,Got7,If You Do,2015,https://www.youtube.com/watch?v=T0iPB_JyS5g&list=RDT0iPB_JyS5g&start_radio=1,0,20
66,Teen Top,No more perfume on you(향수 뿌리지마),2011,https://www.youtube.com/watch?v=xT4LzAWcmds&list=RDxT4LzAWcmds&start_radio=1,45,65
67,B.A.P,하지마 (STOP IT),2012,https://www.youtube.com/watch?v=eHhi6g1Glhw&list=RDxT4LzAWcmds&index=7,45,65
68,BtoB,WOW,2012,https://www.youtube.com/watch?v=cXcUXWL1mJA&list=RDxT4LzAWcmds&index=14,50,70
69,Infinite,Paradise,2011,https://www.youtube.com/watch?v=Sj0FvZGSzCo&list=RDxT4LzAWcmds&index=33,40,60
70,2PM,My House(우리집),2015,https://www.youtube.com/watch?v=u2pFB1dCSo4&list=RDxT4LzAWcmds&index=31,12,32
71,TVXQ (DBSK),주문 - MIROTIC,2008,https://www.youtube.com/watch?v=HtJS32n6LNQ&list=RDxT4LzAWcmds&index=27,19,39
72,Block B,NILLILI MAMBO(닐리리 맘보),2012,https://www.youtube.com/watch?v=4AYJZvHeKFo&list=RDxT4LzAWcmds&index=29,49,69
73,f(x),Electric Shock,2012,https://www.youtube.com/watch?v=n8I8QGFA1oM&list=RDxT4LzAWcmds&index=38,40,60
74,2PM,Without U,2010,https://www.youtube.com/watch?v=pB4920B2l5g&list=RDxT4LzAWcmds&index=42,60,80
75,f(x),Rum Pum Pum Pum,2013,https://www.youtube.com/watch?v=hcMktKzONYs&list=PLyIlkKpOv8XVGfLuPjtqynbf1AsB_Tegp&index=17,0,20
76,Sunmi,24 Hours,2014,https://www.youtube.com/watch?v=m-XlaEC_e4g&list=PLyIlkKpOv8XVGfLuPjtqynbf1AsB_Tegp&index=21,0,20
77,Orange Caramel,Catallena,2014,https://www.youtube.com/watch?v=Med2XipHJJM&list=RDMed2XipHJJM&start_radio=1,0,20
78,Brown Eyed Girls,Abracadabra,2009,https://www.youtube.com/watch?v=ofwFr8o8p0Y&list=RDofwFr8o8p0Y&start_radio=1,70,90
79,SUPER JUNIOR,U,2006,https://www.youtube.com/watch?v=yrLHPdZf-t8,55,75
80,T-ARA,Roly Poly,2011,https://www.youtube.com/watch?v=afwK0Mv0IsY,265,285
81,SUPER JUNIOR,"SORRY, SORRY",2009,https://www.youtube.com/watch?v=x6QA3m58DQw,49,69
82,T-ARA,DAY BY DAY,2012,https://www.youtube.com/watch?v=kjNGAVT_ySg,0,20
83,BoA,ID; Peace B,2000,https://www.youtube.com/watch?v=xLlPM9mRlpY,59,79
84,Brown Eyes,벌써 일년 (Already One Year),2001,https://www.youtube.com/watch?v=LZlIqfMn4cc,87,107
85,SHINHWA ,Perfect Man,2002,https://www.youtube.com/watch?v=Lxe9yXVa24Q,42,62
86,RAIN,Bad Guy,2002,https://www.youtube.com/watch?v=3NTpeK4j1_A,140,160
87,Lee Hyori,10 Minutes,2003,https://www.youtube.com/watch?v=iKdr44yEBQU,10,30
88,Wheesung,With Me,2003,https://www.youtube.com/watch?v=O0z7yy2XGdU,11,31
89,Se7en,Come Back To Me,2003,https://www.youtube.com/watch?v=49BxTUFvjQ8,52,72
90,"Epik High (feat. Amin, J)",Fly,2005,https://www.youtube.com/watch?v=sHqLlyBlmQI,15,35
91,Epik High,Love Love Love,2007,https://www.youtube.com/watch?v=qdr0fZbuffY,75,95
92,"Tablo (feat, Taeyang)",TOMORROW,2011,https://www.youtube.com/watch?v=-zU4Mj9dpUI,8,28
93,TVXQ (DBSK),Hug,2004,https://www.youtube.com/watch?v=xQ635vE2RQI,3,23
94,Kim Jong Kook,Lovable,2005,https://www.youtube.com/watch?v=r7OJ9LnboCY,22,42
95,SUPER JUNIOR,Mr. Simple,2011,https://www.youtube.com/watch?v=r6TwzSGYycM,50,70
96,Wonder Girls,NOBODY,2008,https://www.youtube.com/watch?v=BA7fdSkp8ds,153,173
97,Wonder Girls,So Hot,2010,https://www.youtube.com/watch?v=lmun5PO54VE,18,38
98,Wonder Girls,Why So Lonely,2016,https://www.youtube.com/watch?v=PYGODWJgR-c,34,54
99,Girls' Generation,Into The New World,2007,https://www.youtube.com/watch?v=0k2Zzkw_-0I,158,178
100,FTISLAND,Love Sick,2007,https://www.youtube.com/watch?v=6OiomMsjeMU,60,80
101,FTISLAND,I Hope,2009,https://www.youtube.com/watch?v=qSHk8G3fxEI,41,61
102,SS501,Love Like This,2009,https://www.youtube.com/watch?v=yHvKeVncWMs,32,52
103,SS501,Love Ya,2010,https://www.youtube.com/watch?v=wqHX9YmqeyQ,23,43
104,KARA,Mr.,2009,https://www.youtube.com/watch?v=OJCXioChJ5w,0,20
105,K.will,Talk Love,2016,https://www.youtube.com/watch?v=SdHQkkRc-hc,0,20
106,SHINee,Ring Ding Dong,2009,https://www.youtube.com/watch?v=roughtzsCDI,1,21
107,CNBlue,Alone,2010,https://www.youtube.com/watch?v=7arOrCfvumQ,95,115
108,2ne1,I Don't Care,2009,https://www.youtube.com/watch?v=4MgAxMO1KD0,18,38
109,2ne1,Go Away,2010,https://www.youtube.com/watch?v=3yW13T2sfKg,90,110
110,2ne1,Missing You,2014,https://www.youtube.com/watch?v=AG0jlKdB1s0,0,20
111,BIGBANG,Lies,2007,https://www.youtube.com/watch?v=2Cv3phvP8Ro,22,42
112,G-DRAGON,CROOKED,2013,https://www.youtube.com/watch?v=RKhsHGfrFmY,0,20
113,BIGBANG,Sunset Glow,2008,https://www.youtube.com/watch?v=UJn-F2kPCaQ,17,37
114,BEAST,Shock,2010,https://www.youtube.com/watch?v=JXxGo1MvNls,29,49
115,After School,Because of You,2009,https://www.youtube.com/watch?v=_XbilmaWN-0,70,90
116,miss A,"Bad Girl, Good Girl",2010,https://www.youtube.com/watch?v=8TeeJvcBdLA,24,44
117,SISTAR19,Ma boy,2011,https://www.youtube.com/watch?v=p3wgNv2xeA8,57,77
118,Ailee,Heaven,2012,https://www.youtube.com/watch?v=L9ro1KjkJMg,0,20
119,NCT U,BOSS,2018,https://www.youtube.com/watch?v=0AUFyFEt35g,40,60
120,Crayon Pop,Bar Bar Bar,2013,https://www.youtube.com/watch?v=yMqL1iWfku4,13,33
121,SISTAR,Give It To Me,2013,https://www.youtube.com/watch?v=p6XLNsJ9YrA,21,41
122,EXO,Growl,2013,https://www.youtube.com/watch?v=I3dezFzsNss,0,20
123,AOA,Miniskirt,2014,https://www.youtube.com/watch?v=q6f-LLM1H6U,55,75
124,EXID,UP&DOWN,2014,https://www.youtube.com/watch?v=hfXZ6ydgZyo,0,20
125,WINNER,공허해(empty),2014,https://www.youtube.com/watch?v=gEqlF5N8UMs,20,40
126,Apink,Mr.Chu,2014,https://www.youtube.com/watch?v=K5H-GvnNz2Y,30,50
127,TWICE,Like OOH-AHH,2015,https://www.youtube.com/watch?v=0rtV5esQT6I,36,56
128,Red Velvet,Dumb Dumb,2015,https://www.youtube.com/watch?v=XGdbaEDVWp0,12,32
129,GFRIEND,Me gustas tu,2015,https://www.youtube.com/watch?v=YYHyAIFG3iI,18,38
130,SEVENTEEN,MANSAE,2015,https://www.youtube.com/watch?v=9M7k9ZV67c0,81,101
131,BTS,I NEED U,2015,https://www.youtube.com/watch?v=jjskoRh8GTE,144,164
132,EXO,"Baby, Don't Cry",2013,https://www.youtube.com/watch?v=m3kohGqQ3ek,33,53
133,Red Velvet,Russian Roulette,2016,https://www.youtube.com/watch?v=QslJYDX3o8s,30,50
134,TWICE ,Cheer Up,2016,https://www.youtube.com/watch?v=c7rCyll5AeY,22,42
135,BLACKPINK,WHISTLE,2016,https://www.youtube.com/watch?v=dISNgvVpWlo,74,94
136,NCT U,WITHOUT YOU,2016,https://www.youtube.com/watch?v=y6OcvS54KYQ,0,20
137,BTS,Spring Day,2017,https://www.youtube.com/watch?v=xEeFrLSkMm8,84,104
138,Wanna One,Energetic,2017,https://www.youtube.com/watch?v=EVaV7AwqBWg,46,66
139,Taemin,MOVE,2017,https://www.youtube.com/watch?v=rcEyUNeZqmY,41,61
140,WINNER,REALLY REALLY,2017,https://www.youtube.com/watch?v=4tBnF46ybZk,0,20
141,NCT 127,Cherry Bomb,2017,https://www.youtube.com/watch?v=WkuHLzMMTZM,12,32
142,KARD,Hola Hola,2017,https://www.youtube.com/watch?v=USx4WyrkfU4,60,80
143,g.o.d,Road,2001,https://www.youtube.com/watch?v=yevaVEy7tGs,30,50
144,MOMOLAND,BBoom BBoom,2018,https://www.youtube.com/watch?v=JQGRg8XBnB4,53,73
145,DEAN,D (Half Moon),2016,https://www.youtube.com/watch?v=eelfrHtmk68,16,36
146,BOBBY,Raise your guard and Bounce,2014,https://www.youtube.com/watch?v=Qbn2y_YmAMs,0,20
147,MINO (Feat. Taeyang),겁 (Fear),2015,https://www.youtube.com/watch?v=H5lqjJVQIxs,60,80
148,Yerin Baek,Here I Am Again,2020,https://www.youtube.com/watch?v=FFmdTU4Cpr8,14,34
149,"CHANYEOL, PUNCH",Stay With Me,2016,https://www.youtube.com/watch?v=pcKR0LPwoYs,0,20
150,YOON MIRAE,ALWAYS,2016,https://www.youtube.com/watch?v=aE0eV2YR51k,27,47
151,Lee Juck,Don't worry,2015,https://www.youtube.com/watch?v=Dic27EnDDls,6,26
152,DAY6,You Were Beautiful,2017,https://www.youtube.com/watch?v=BS7tz2rAOSA,45,65
153,WOODZ,Drowning,2023,https://www.youtube.com/watch?v=NbKH4iZqq1Y,59,79
154,Lee Seungchul,My Love,2013,https://www.youtube.com/watch?v=-lcVA_rn-7s,35,55
155,Roy Kim,Bom Bom Bom,2013,https://www.youtube.com/watch?v=k3-BDy55tq4,18,38
156,"San E, Raina",A midsummer night's sweetness,2014,https://www.youtube.com/watch?v=nkfMN-jaycA,4,24
157,Lim Changjung,내가 저지른 사랑,2016,https://www.youtube.com/watch?v=qJnygofIb3Y,55,75
158,BOL4,Galaxy,2016,https://www.youtube.com/watch?v=9U8uA702xrE,4,24
159,SHAUN,Way Back Home,2018,https://www.youtube.com/watch?v=amOSaNX7KJg,0,20
160,BLACKPINK,Forever Young,2018,https://www.youtube.com/watch?v=-gibBYpzZbI,0,20
161,CHANGMO,METEOR,2020,https://www.youtube.com/watch?v=lOrU0MH0bMk,29,49
162,IU,Celebrity,2021,https://www.youtube.com/watch?v=0-q1KafFCLU,3,23
163,ZICO,Any song,2020,https://www.youtube.com/watch?v=UuV2BmJ1p_I,0,20
164,NewJeans,Hype Boy,2022,https://www.youtube.com/watch?v=11cta61wi0g,38,58
165,Bibi,BIBI Vengeance,2022,https://www.youtube.com/watch?v=QfIY1r0_tRI,28,48
166,RAIN,It's Raining,2004,https://www.youtube.com/watch?v=eCMhO5P8QpI,56,76
167,BTS (feat. Halsey),Boy With Luv,2019,https://www.youtube.com/watch?v=XsX3ATc3FbA,33,53
168,BLACKPINK,Kill This Love,2019,http://youtube.com/watch?v=yevaVEy7tGs,43,63
169,TWICE,FANCY,2019,https://www.youtube.com/watch?v=kOHB85vDuow,52,72
170,Brave Girls,Rollin',2021,https://www.youtube.com/watch?v=-Axm4IYHVYk,37,57
171,aespa,Next Level,2021,https://www.youtube.com/watch?v=4TWR90KJl84,37,57
172,BTS,Butter,2021,https://www.youtube.com/watch?v=WMweEpGlu_U,36,56
173,IVE,LOVE DIVE,2022,https://www.youtube.com/watch?v=Y8JFxS1HlDo,4,24
174,(G)I-DLE,TOMBOY,2022,https://www.youtube.com/watch?v=Jh4QFaPmdss,29,49
175,LE SSERAFIM,ANTIFRAGILE,2022,https://www.youtube.com/watch?v=pyf8cbqyfPs,18,38
176,BIGBANG,Still Life,2022,https://www.youtube.com/watch?v=eN5mG_yMDiM,27,47
177,FIFTY FIFTY,Cupid,2023,https://www.youtube.com/watch?v=Qc7_zRjH808,30,50
178,NewJeans,Super Shy,2023,https://www.youtube.com/watch?v=ArmDp-zijuc,50,70
179,IVE,I AM,2023,https://www.youtube.com/watch?v=6ZUIwj3FgUY,20,40
180,aespa,Supernova,2023,https://www.youtube.com/watch?v=phuiiNCxRMg,112,132
181,TWS,Plot Twist,2024,https://www.youtube.com/watch?v=hVAc1Vf2ITU,60,80
182,ILLIT,Magnetic,2024,https://www.youtube.com/watch?v=Vk5-c_v4gMU,7,27
183,Shinhwa ,Brand New,2004,https://www.youtube.com/watch?v=YowZgL1AOTA,50,70
184,TVXQ (DBSK),O -正.反.合,2006,https://www.youtube.com/watch?v=NWkS9S8QWm8,70,90
185,Brown Eyed Girls,Hold The Line,2006,https://www.youtube.com/watch?v=oF7C6GuMD5g,60,80
186,MAMAMOO ,HIP,2019,https://www.youtube.com/watch?v=KhTeiaCezwM,0,20
187,LISA,LALISA,2021,https://www.youtube.com/watch?v=awkkyBH2zEo,140,160
188,Red Velvet ,Queendom,2021,https://www.youtube.com/watch?v=c9RzZpV460k,50,70
189,Stray Kids,MANIAC,2022,https://www.youtube.com/watch?v=OvioeS1ZZ7o,45,65
190,QWER,T.B.H(고민중독),2024,https://www.youtube.com/watch?v=phsDrsw-tzc,55,75
191,UKISS,Not Young,2008,https://www.youtube.com/watch?v=qjBRQ5vfdF4,56,76
192,Block B,Very Good,2013,https://www.youtube.com/watch?v=kJGcO5Une-g,55,75
193,Block B,YESTERDAY,2017,https://www.youtube.com/watch?v=3q22SInyiX8,7,27
194,Hyuna,Bubble Pop!,2011,https://www.youtube.com/watch?v=bw9CALKOvAI,19,39
195,CLC,No,2019,https://www.youtube.com/watch?v=ZvhpjERxJlQ,60,80
196,4Minute,Crazy,2015,https://www.youtube.com/watch?v=1nCLBTmjJBY,44,64
197,Jin,The Astronaut,2022,https://www.youtube.com/watch?v=c6ASQOwKkhk,60,80
198,ENHYPEN ,FEVER,2021,https://www.youtube.com/watch?v=X7d6Dt17yHk,120,140
199,SEVENTEEN,SUPER,2023,https://www.youtube.com/watch?v=-GQg25oP0S4,55,75
200,ENHYPEN ,Bite Me,2023,https://www.youtube.com/watch?v=wXFLzODIdUI,50,70
201,Wonder Girls,Tell Me,2007,https://www.youtube.com/watch?v=BlHv3BbBv6A,54,74
202,Kim Ah Joong,Maria,2006,https://www.youtube.com/watch?v=qvD5r1YvG-Y,35,55
203,BoA,Girls On Top,2005,https://www.youtube.com/watch?v=MJxaWZk8Vs8,156,176
204,Kim Jong Kook,One Man,2005,https://www.youtube.com/watch?v=osiMlaVytkY,63,83
205,Sunmi,Gashina,2017,https://www.youtube.com/watch?v=ur0hCdne2-s,80,100
206,ZICO (feat. Homies),New Thing,2022,https://www.youtube.com/watch?v=C_cpDd0WYTk,10,30
207,fromis_9,LOVE BOMB,2018,https://www.youtube.com/watch?v=-SK6cvkK4c0,42,62
208,ATEEZ,Say My Name,2019,https://www.youtube.com/watch?v=nKU4OVH18mE,70,90
209,Apink,Eung Eung %%,2019,https://www.youtube.com/watch?v=499YUeNoYVE,40,60
210,EVERGLOW,LA DI DA,2020,https://www.youtube.com/watch?v=jeI992mvlEY,56,76
211,"Dynamicduo, Lee Young Ji",Smoke,2023,https://www.youtube.com/watch?v=ZwXzaqzRVi4,0,20
212,(G)I-DLE,Queencard,2023,https://www.youtube.com/watch?v=7HDeem-JaSY,54,74
213,DAY6,HAPPY,2025,https://www.youtube.com/watch?v=2o1zdX72400,42,62
214,"ROSÉ, Bruno Mars",APT,2024,https://www.youtube.com/watch?v=ekr2nIex040,19,39
215,BOYNEXTDOOR,"If I Say, I Love You",2025,https://www.youtube.com/watch?v=B4mLKcVIERs,86,106
216,KISS OF LIFE,Sticky,2024,https://www.youtube.com/watch?v=IajeQM00yfE,50,70
217,LE SSERAFIM,EASY,2024,https://www.youtube.com/watch?v=bNKXxwOQYB8,26,46
218,NMIXX,Blue Valentine,2025,https://www.youtube.com/watch?v=EmeW6li6bbo,145,165
219,The Rose,Sorry,2017,https://www.youtube.com/watch?v=B-cKxO0m8g4,0,20
220,IZ*ONE,La Vie en Rose,2018,https://www.youtube.com/watch?v=WZwr2a_lFWY,46,66
221,GOT7,You Calling My Name,2019,https://www.youtube.com/watch?v=xQI9oZEY-B0,55,75
222,GFRIEND,MAGO,2020,https://www.youtube.com/watch?v=LmBYPXGqtss,40,60